spam,"Huh, anyway check out this you[tube] channel: kobyoshi02"
spam,"Hey guys check out my new channel and our first vid THIS IS US THE  MONKEYS!!! I'm the monkey in the white shirt,please leave a like comment  and please subscribe!!!!"
spam,just for test I have to say murdev.com
spam,me shaking my sexy ass on my channel enjoy ^_^ •ÈÀ
spam,watch?v=vtaRGgvGtWQ   Check this out .•ÈÀ
spam,"Hey, check out my new website!! This site is about kids stuff. kidsmediausa  . com"
spam,Subscribe to my channel •ÈÀ
ham,i turned it on mute as soon is i came on i just wanted to check the  views...•ÈÀ
spam,You should check my channel for Funny VIDEOS!!•ÈÀ
spam,and u should.d check my channel and tell me what I should do next!•ÈÀ
spam,Hey subscribe to me•ÈÀ
spam, Once you have started reading do not stop. If you do not subscribe to me  within one day you and you're entire family will die so if you want to stay  alive subscribe right now.•ÈÀ
spam,https://twitter.com/GBphotographyGB•ÈÀ
spam,subscribe like comment•ÈÀ
spam,please like :D https://premium.easypromosapp.com/voteme/19924/616375350•ÈÀ
spam,"Hello! Do you like gaming, art videos, scientific experiments, tutorials,  lyrics videos, and much, much more of that? If you do please check out our  channel and subscribe to it, we've just started, but soon we hope we will  be able to cover all of our expectations... You can also check out what  we've got so far!•ÈÀ"
ham,I'm only checking the views•ÈÀ
spam,http://www.ebay.com/itm/171183229277?ssPageName=STRK:MESELX:IT&amp;_trksid=p3984.m1555.l2649 •ÈÀ
spam,http://ubuntuone.com/40beUutVu2ZKxK4uTgPZ8K•ÈÀ
spam,"We are an EDM apparel company dedicated to bringing you music inspired  designs. Our clothing is perfect for any rave or music festival. We have  NEON crop tops, tank tops, t-shirts, v-necks and accessories! follow us on  Facebook or on instagraml for free giveaways news and more!! visit our site  at OnCueApparel•ÈÀ"
ham,i think about 100 millions of the views come from people who only wanted to  check the views•ÈÀ
spam,subscribe to my channel people :D•ÈÀ
spam,Show your AUBURN PRIDE HERE: http://www.teespring.com/tigermeathoodie•ÈÀ
ham,just checking the views•ÈÀ
spam,CHECK OUT MY CHANNEL
spam,marketglory . com/strategygame/andrijamatf earn real money from game
spam,Hey guys! Im a 12 yr old music producer. I make chiptunes and 8bit music.  It would be wonderful if you checked out some of my 8bit remixes! I even  have a gangnamstyle 8bit remix if you would like to check that out ;)  Thanks!!
spam,Check me out! I'm kyle. I rap so yeah •ÈÀ
ham,I dont even watch it anymore i just come here to check on 2 Billion or not•ÈÀ
spam,"Subscribe to me for free Android games, apps.. •ÈÀ"
spam,everyone please come check our newest song in memories of Martin Luther  King Jr.•ÈÀ
ham,"Came here to check the views, goodbye.•ÈÀ"
spam,sub my channel for no reason -_-•ÈÀ
spam,"Check out my dubstep song ""Fireball"", made with Fruity Loops. I really took  time in it.  /watch?v=telOA6RIO8o•ÈÀ"
ham,2 billion....Coming soon•ÈÀ
ham,Why dafuq is a Korean song so big in the USA. Does that mean we support  Koreans? Last time I checked they wanted to bomb us. •ÈÀ
spam,Check my channel please! And listen to the best music ever :P•ÈÀ
spam,SUB 4 SUB PLEASE LIKE THIS COMMENT I WANT A SUCCESFULL YOUTUBE SO PPLEASE LIKE THIS  COMMENT AND SUBSCRIBE IT ONLY TAKES 10 SECONDS PLEASE IF YOU SUBSCRIBE ILL  SUBSCRIBE BACK THANKS•ÈÀ
spam," Hey everyone!! I have just started my first YT channel i would be grateful  if some of you peoples could check out my first clip in BF4! and give me  some advice on how my video was and how i could improve it. ALSO be sure to  go check out the about to see what Im all about. Thanks for your time :) .  and to haters... You Hate, I WIN•ÈÀ"
spam,"The projects After Effects, Music, Foto, Web sites and another you can find  and buy here  http://audiojungle.net/user/EugeneKalinin/portfolio?ref=EugeneKalinin•ÈÀ"
spam,YouTube/codytolleson for awesome videos I'll subscribe back •ÈÀ
spam,if you like roblox minecraft world of warcraft gta5 mario suscribe to my  channel•ÈÀ
spam,SUBSCRIBE TO ME AND I'LL SUBSCRIBE TO YOU! (Must like - cZFcxsn0jnQ) •ÈÀ
spam,http://www.twitch.tv/jaroadc come follow and watch my stream!•ÈÀ
spam,"if you like raw talent, raw lyrics, straight real hip hop Everyone check my newest sound  Dizzy X - Got the Juice (Prod by. Drugs the Model Citizen)   COMMENT TELL ME WHAT YOU THINK  DONT BE LAZY!!!!  - 1/7 Prophetz•ÈÀ"
spam,....subscribe......  ......to my........  .....channel.......•ÈÀ
ham,"now its 1,884,034,783 views! pls. comment the view count the next hour :P•ÈÀ"
spam,http://www.avaaz.org/po/petition/Youtube_Corporation_Fox_Broadcasting_Company_Anular_os_strikes_no_Canal_Nostalgia/?cXPZpgb •ÈÀ
ham,go here to check the views :3•ÈÀ
ham,thumbs up if u checked this video to see hw views it got•ÈÀ
spam,Plz subscribe to my channel and I will subscribe back xx•ÈÀ
ham,i check back often to help reach 2x10^9 views and I avoid watching Baby•ÈÀ
ham,This video will get to 2 billion just because of people checking if it has  hit 2 billion yet.•ÈÀ
spam,https://www.facebook.com/pages/Brew-Crew-2014/134470083389909 Like this  facebook-page! Chance to win an Iphone 5S!•ÈÀ
spam,get GWAR to play 2015 superbowl  http://www.change.org/petitions/the-national-football-league-allow-gwar-to-perform-the-2015-super-bowl-halftime-show#share •ÈÀ
spam,Pls follow this channel!! http://www.twitch.tv/sevadus•ÈÀ
spam,hi guys check my youtube channel•ÈÀ
spam,Subscribe and like to me for more how to videos on minecraft!•ÈÀ
spam,http://tankionline.com#friend=cd92db3f4 great game check it out!•ÈÀ
spam,Subscribe ME!•ÈÀ
ham,Im just to check how much views it has•ÈÀ
ham,The first comment is chuck norrus ovbiously :D•ÈÀ
ham,Behold the most viewed youtube video in the history of ever•ÈÀ
ham,when is this gonna hit 2 billion?•ÈÀ
ham,the most viewed youtube video of all time?•ÈÀ
ham,"969,210 dislikes like dislike themselves•ÈÀ"
ham,psy=korean•ÈÀ
ham,"OMG this oldspice spraytan party commercial omg....i'm sitting here ""NO  this isn't a real thing is it? OMG"" •ÈÀ"
ham,"This is the only video on youtube that get so much views just because we  want to see how much views it has. 1.000.000 every day, I mean, Most people  think a video is popular when it actually gets 1.000.000 views.•ÈÀ"
ham,It's been back for quite a while now.
ham,2 Billions in 2014
spam,plz check out fablife / welcome to fablife for diys and challenges so plz  subscribe thx!•ÈÀ
spam,Sub my channel!•ÈÀ
spam,http://www.ebay.com/itm/131338190916?ssPageName=STRK:MESELX:IT&amp;_trksid=p3984.m1555.l2649 •ÈÀ
spam,http://www.guardalo.org/best-of-funny-cats-gatti-pazzi-e-divertenti-2013-5287/100000415527985/ •ÈÀ
spam,"if your like drones, plz subscribe to Kamal Tayara. He takes videos with  his drone that are absolutely beautiful.•ÈÀ"
spam,http://hackfbaccountlive.com/?ref=4604617•ÈÀ
spam,"WHATS UP EVERYONE!? :-) I Trying To Showcase My Talent To The World! I Have Over 3000 SUBSCRIBERS! I PROMISE! I Dont Suck! Please Spread My Covers Around, SUBSCRIBE &amp; Share! Thanks so much for all your support! Lucas Trigo -Stay Awesome! •ÈÀ"
spam,-----&gt;&gt;&gt;&gt;  https://www.facebook.com/video.php?v=10200253113705769&amp;set=vb.201470069872822&amp;type=3&amp;permPage=1  &lt;--------•ÈÀ
spam,"Hi there~I'm group leader of Angel, a rookie Korean pop group. We have four  members, Chanicka, Julie, Stephanie, and myself, Leah. Please feel free to  check out our channel and leave some feedback on our cover videos (:  criticism is welcome as we know we're not top notch singers so please come  leave some constructive feedback on our videos; we appreciate any chance to  improve before auditioning for a Korean management company. We plan on  auditioning for JYP, BigHit, Jellyfish, YG or SM. Thank you for taking time  out of your day to read this !•ÈÀ"
spam,http://woobox.com/33gxrf/brt0u5 FREE CS GO!!!!•ÈÀ
ham,Admit it you just came here to check the number of viewers •ÈÀ
ham,"Just coming to check if people are still viewing this video. And  apparently, they still do.•ÈÀ"
spam,Check my first video out•ÈÀ
spam,Check my channel•ÈÀ
ham,PSY - GANGNAM STYLE (ê¡¥‘â¬“__’ÄÛ“ù_) M/V: http://youtu.be/9bZkp7q19f0•ÈÀ
spam,Suscribe My Channel Please XD lol•ÈÀ
ham,Wow. Comments section on this still active. Not bad. Also 5277478 comments.  (Now 79)•ÈÀ
spam,http://binbox.io/1FIRo#123•ÈÀ
ham,Ching Ching ling long ding ring yaaaaaa Ganga sty FUCK YOU.•ÈÀ
spam,https://www.indiegogo.com/projects/cleaning-the-pan--2    please halp me  with my project•ÈÀ
spam,There is one video on my channel about my brother...•ÈÀ
spam,"Check my channel, please!•ÈÀ"
spam,"Does anyone here use gift cards like Amazon, itunes, psn, google play,  itunes, or any other gift cards? Then you'll be happy to know you can get  free gift card codes for free from an amazing site. Here is a $50 itunes  gift card code XXBB5TCZHM39HVZD•ÈÀ"
ham,Why does this video have so many views? Because asian things are awesome and non-asian countries are jelly so they  try to learn from asia by looking at this video d:•ÈÀ
spam,Plizz withing my channel •ÈÀ
spam,I made a gaming channel (Unique right?) :L Angry Minecraft!•ÈÀ
spam,Please help me go here http://www.gofundme.com/littlebrother•ÈÀ
spam,Anybody who subscribes to me will get 10 subscribers•ÈÀ
spam,http://thepiratebay.se/torrent/6381501/Timothy_Sykes_Collection•ÈÀ
spam,"My videos are half way decent, check them out if you want.•ÈÀ"
ham,"they said this video are not deserve 2billion views , while they keep  visiting it to watch the viewer . •ÈÀ"
spam,subscribe to itz recaps and above diddle•ÈÀ
ham,Screw this Chinese crap i dont even understand what he is saying. Why isn't  he speaking English like everyone should?•ÈÀ
spam,need money?Enjoy https://www.tsu.co/emerson_zanol•ÈÀ
spam,Sub to my channel visuelgamingzNL I sub back•ÈÀ
spam,please subscribe i am a new youtuber and need help please subscribe and i  will subscribe back :D hoppa HOPPA GaNgAm StYlE•ÈÀ
spam,sub me if you dont like the song•ÈÀ
ham,This is a weird video.•ÈÀ
ham,8 million likes xD even the subscribers not 8 million xD•ÈÀ
spam,EHI GUYS CAN YOU SUBSCRIBE IN MY CHANNEL? I AM A NEW YOUTUBER AND I PLAY  MINECRAFT THANKS GUYS!... SUBSCRIBE!•ÈÀ
spam,Hi everyone! Do you like music? Then why not check out my music channel.  The LEXIS band will be uploading their own songs and covers soon so don't  miss out. Please SUBSCRIBE too as it does help us out a lot. Just takes one  click. -&gt;•ÈÀ
ham,This song never gets old love it.•ÈÀ
spam,gofundme.com/grwmps•ÈÀ
spam,"Hey guys please check out my new Google+ page it has many funny pictures,  FunnyTortsPics  https://plus.google.com/112720997191206369631/post•ÈÀ"
ham,#2012bitches•ÈÀ
ham,Made in china....•ÈÀ
ham,5 milions comentars and 2 bilion views•ÈÀ
ham,It is 0 zero•ÈÀ
ham,Mix - PSY - GANGNAM STYLE (ê¡¥‘â¬“__’ÄÛ“ù_) M/V: PSY - GANGNAM STYLE (ê¡¥‘â¬“__’ÄÛ“ù_) M/V•ÈÀ
ham,This has had over 2 billion views.  Holy shit.•ÈÀ
ham,"how can there be 2.124.821.694 views, when im the only person alive after  the zombie apocalypse - greetings, spoderman :)•ÈÀ"
spam,Suscribe my channel please•ÈÀ
ham,"2,124923004 wiews... wow•ÈÀ"
spam,guys please subscribe me to help my channel grow please guys•ÈÀ
ham,Great music anyway•ÈÀ
ham,PSY - GANGNAM STYLE (ê¡¥‘â¬“__’ÄÛ“ù_) M/V: http://youtu.be/9bZkp7q19f0•ÈÀ
ham,"so crazy, over 2 billion views, not US, not Uk, its Korea republic, its  asia•ÈÀ"
spam,Discover a beautiful song of A young Moroccan     http://www.linkbucks.com/AcN2g•ÈÀ
spam,"Like getting Gift cards..but hate spending the cash.... Try Juno Wallet !!! At Juno Wallet you can earn money for gift cards such as ; Nike, Gamestop,  Amazon , Ebay Etc &amp; its easy  Earn money by doing simple task like watching videos..downloading apps &amp;  you can even earn money by inviting your friends to join...its free for  signup Sign up today &amp; use promo code BD3721315•ÈÀ"
ham,Can somebody wake me up when we get to 3 billion views.•ÈÀ
ham,PSY GOT LOTS  OF MONEY FROM YOUTUBE THAT HE GOT FROM 2 BILLION VIEWS THIS  IS THE MOST VIEWS IN THE WORLD :D•ÈÀ
ham,Justin bieber = gay •ÈÀ
ham,You gotta say its funny. well not 2 billion worth funny but still. It  clicked and everything went uphill. At least you don't have JB's shit on  #1.•ÈÀ
ham,‰ù_•üè ‰ù_•üè ‰ù_•üè ‰ù_•üè ‰ù_•üè‰ù_•üè‰ù_•üè‰ù_•üè•ÈÀ
ham,"Ahhh, 2 years ago....•ÈÀ"
spam,"Dance dance,,,,,Psy  http://www.reverbnation.com/msmarilynmiles•ÈÀ"
spam,"check out ""starlitnightsky"" channel to see epic videos•ÈÀ"
spam,https://www.tsu.co/KodysMan plz ^^•ÈÀ
ham,Stupid people... this video doesnt have 2 billion visits. Have 2 thousands  millions•ÈÀ
spam,http://www.gcmforex.com/partners/aw.aspx?Task=JoinT2&amp;AffiliateID=9107•ÈÀ
spam,check men out i put allot of effort into my music but unfortunatly not many  watch it•ÈÀ
spam,pls http://www10.vakinha.com.br/VaquinhaE.aspx?e=313327 help me get vip gun  cross fire al•ÈÀ
spam,Add me here...https://www.facebook.com/TLouXmusic•ÈÀ
spam,CHECK MY CHANNEL OUT PLEASE. I DO SINGING COVERS•ÈÀ
ham,I think this is now a place to promote channels in the comment section lol.•ÈÀ
spam,Get free gift cards and pay pal money!•ÈÀ
spam,Check out pivot animations in my channel•ÈÀ
spam,Follow me on twitter &amp; IG : __killuminati94•ÈÀ
spam,Check me out I'm all about gaming •ÈÀ
ham,Oppa! Yeah! Best Song!•ÈÀ
spam,More... http://www.sunfrogshirts.com/Sunglass-World.html?24398•ÈÀ
spam,https://www.facebook.com/teeLaLaLa•ÈÀ
spam,http://www.twitch.tv/zxlightsoutxz•ÈÀ
spam,reminds me of this song https://soundcloud.com/popaegis/wrenn-almond-eyes•ÈÀ
spam,What free gift cards? Go here  http://www.swagbucks.com/p/register?rb=13017194•ÈÀ
spam,"Search ""Chubbz Dinero - Ready Or Not "" Thanks •ÈÀ"
spam,Follow me on Twitter @mscalifornia95•ÈÀ
ham,_Ù÷Ç_Ù÷Ò_Ù÷è_Ù÷»_Ù÷Ó_Ù÷__Ù÷Î_Ù÷__Ù÷__Ù÷__Ù÷÷_Ù÷ª_Ù÷Ñ_Ù÷Ü_Ù÷ù_Ù÷Ï_Ù÷__Ù÷ç_Ù÷Õ_Ù÷__Ù÷á_Ù÷__Ù÷µ_Ù÷__Ù÷__Ù÷±_Ù÷Ù_Ù÷¡_Ù÷©_Ù÷¬_Ù÷__Ù÷__Ù÷´_Ù÷__Ù÷£_Ù÷¨_Ù÷«_Ù÷¢_Ù÷Á_Ù÷Ê_Ù÷Â_Ù÷¥_Ù÷Ô_Ù÷ê_Ù÷ø_Ù÷ä_Ù÷ö_Ù÷à_Ù÷ _Ù÷É_Ù÷ã_Ù÷Ä_Ù÷â_Ù÷Å_Ù÷Û_Ù÷_‰÷_  every single types of face on earth•ÈÀ
ham,‰_Â‰_Â‰_Â‰_Â‰_Â‰_Â‰_Â‰_Â‰_Â‰_Âˆ¨Ïó©ó_ó©ˆ¨Ï‰_Â‰_Â‰_Â‰_Â‰_Â‰_Â‰_Â‰_Â •__•_Á•__•_¨ •_«•_¬•_©•__ •_£•_ø•__•__•_´•_¨•_« •_©•__ •__•_Á•_¨•_£Y ‰_Â‰_Â‰_Â‰_Â‰_Â‰_Â‰_Â‰_Â‰_Â‰_Âˆ¨Ïó©ó_ó©ˆ¨Ï‰_Â‰_Â‰_Â‰_Â‰_Â‰_Â‰_Â‰_Â•ÈÀ
spam,CHECK MY CHANNEL FOR MY NEW SONG 'STATIC'!! YOU'LL LOVE IT!!•ÈÀ
spam,Incmedia.org where the truth meets you.•ÈÀ
spam,look at my channel i make minecraft pe lets play •ÈÀ
ham,I found out this song now•ÈÀ
ham,2 BILLION!!!•ÈÀ
ham,Song name??•ÈÀ
spam,please like : http://www.bubblews.com/news/9277547-peace-and-brotherhood•ÈÀ
spam,hey again if you guys wouldnt mind chacking out my rap give it like and il  giver 3 of your vids a like•ÈÀ
spam,http://www.amazon.co.uk/gp/offer-listing/B00ECVF93G/sr=8-2/qid=1415297812/ref=olp_tab_refurbished?ie=UTF8&amp;condition=refurbished&amp;qid=1415297812&amp;sr=8-2 •ÈÀ
ham,"The most watched video on YouTube is Psy‰Ûªs ‰ÛÏGangnam Style‰Ûù, with 2.1  billion views. PSY - GANGNAM STYLE (ê¡¥‘â¬“__’ÄÛ“ù_) M/V•ÈÀ"
spam,Subscribe to me and I'll subscribe back!!!•ÈÀ
spam,http://flipagram.com/f/LUkA1QMrhF•ÈÀ
spam,For Christmas Song visit my channel! ;)•ÈÀ
spam,http://www.gofundme.com/gvr7xg•ÈÀ
spam,Subscribe to me i subscribe back!!!! Plus i have a nice ass lol•ÈÀ
spam,https://www.change.org/p/facebook-twitter-youtube-do-not-censor-julien-blanc •ÈÀ
spam,https://soundcloud.com/jackal-and-james/wrap-up-the-night•ÈÀ
spam,https://www.surveymonkey.com/s/CVHMKLT•ÈÀ
spam,Please give us a chance and check out the new music video on our channel!  You won't be disappointed.•ÈÀ
spam,Please subscribe to me•ÈÀ
ham,"This is the best, funny and viral video of history (youtube) THE TRUE•ÈÀ"
spam,Please check out my vidios•ÈÀ
ham,OPPA GANGNAM STYLE!!!•ÈÀ
ham,"The funny thing is, 1,700,000,000 of the views are spam bots. I mean c'mon  2 BILLION views? BS!•ÈÀ"
ham,OPPA &lt;3•ÈÀ
ham,It's so funny it's awesomeness lol aaaaaaa sexy lada_Ù÷â•ÈÀ
ham,most viewed video in the world•ÈÀ
ham,I'm here to check the views.. holy shit•ÈÀ
ham,"Dear person reading this, You are beautiful and loving Have a great day•ÈÀ"
spam,http://www.ermail.pl/dolacz/V3VeYGIN CLICK  http://www.ermail.pl/dolacz/V3VeYGIN  http://www.ermail.pl/dolacz/V3VeYGIN  http://www.ermail.pl/dolacz/V3VeYGIN  http://www.ermail.pl/dolacz/V3VeYGIN  http://www.ermail.pl/dolacz/V3VeYGIN  http://www.ermail.pl/dolacz/V3VeYGIN•ÈÀ
spam,Have you tried a new social network TSU? This new social network has a  special thing.You can share the posts as well as on fb and twitter and even  to'll get paid You can registr here:  https://www.tsu.co/WORLDWIDE_LIFE•ÈÀ
ham,The Guy in the yellow suit kinda looks like Jae-suk •ÈÀ
spam,"People, here is a new network like FB...you register also free, the  difference is only that you get paid for sharing, commenting and liking  posts and so one...don't waste your time on fb for sharing and not being  paid!! Register here to make also money with your everyday posts!!  https://www.tsu.co/slema13 Wellcome to everyone! ;)•ÈÀ"
ham,How are there 2 billion views and theres only 2 million people in the  world!?!?!?!! MULTIPLE ACCOUNTS!!!1111•ÈÀ
ham,WAT DA FUCK THIS THE MOST VIEWED VIDEO IN YOUTUBE!•ÈÀ
ham,OMG 2/7 People watched this video because there are 7 billion people in the  world and 2 billion watched this•ÈÀ
ham,What is he saying?!?!?!?!?!?!?!?$? •ÈÀ
ham,this has so many views•ÈÀ
ham,OMG over 2 billion views!•ÈÀ
spam,Subscribe to me plz plz plz plz plz plZ •ÈÀ
spam,http://www.twitch.tv/tareko100 Follow him on twitch and enter the keyword  !5800 and you'll have a chance of winning a really nice and expensive gun  for csgo that you can sell on the steam market•ÈÀ
ham,"i am 2,126,492,636 viewer :D•ÈÀ"
spam,https://www.tsu.co/Aseris get money here !•ÈÀ
ham,Fantastic!•ÈÀ
ham,The population of world is more than 7 billion•ÈÀ
ham,2.126.521.750  views!!!!!!!!!!!!!!!!!•ÈÀ
ham,Wow 23 min ago•ÈÀ
ham,SUPER!!! !!!!!!!!!!!!!!!!!!!!!!!!!!!!!!!!!!!!!!!!•ÈÀ
ham,P E A C E  &amp;  L O V E  ! !•ÈÀ
ham,How can this music video get 2 billion views while im the only one watching  here on earth?????? lol•ÈÀ
spam,Please friend read my book and repass: http://www.4shared.com/web/preview/pdf/CjFofTxeba?•ÈÀ
spam,subscribe to me :) •ÈÀ
ham,Still the best. :D•ÈÀ
ham,The most liked video on YouTube...•ÈÀ
ham,Still watching this 2 years later? •ÈÀ
spam,"Hello! I'm kind of new to Youtube, And soon i'm soon going to be making  Launchpad Video's! :D I would really appreciate if i got some subs before i  started so that people can spot me easily! I dont really care about hate  comments so dont bother -_-•ÈÀ"
ham,"Lol...I dunno how this joke gets a lot of likes, but whatever. xD•ÈÀ"
ham,2 Billion Views For This Piece Of Shit... ~ A R E ~ Y O U ~ K I D D I N G ~ M E ~•ÈÀ
ham,GANGMAN STY- *D-D-D-D-D-D--DROP THE BASS!!*•ÈÀ
ham,Will this song ever reach 7 Billion Views?•ÈÀ
spam,"Im a RAPPER/SONGWRITER, check my video PLEASE..also subscribe for more  thanks :) tell me what you think.•ÈÀ"
ham,"Hello all 29.24% earth population of the world, hope your having a great  day :)•ÈÀ"
ham,"Is this the video that started the whole ""got my dick stuck in an elevator""  excuse thing? •ÈÀ"
spam,Can anyone sub to my channel? :D•ÈÀ
ham,prehistoric song..has been•ÈÀ
ham,You think you're smart?        Headbutt your face.•ÈÀ
ham,DISLIKE.. Now one knows REAL music - ex. Enimen •ÈÀ
ham,Loool nice song funny how no one understands (me) and we love it•ÈÀ
ham,Like if you came here too see how many views this song has.•ÈÀ
ham,We pray for you Little Psy ‰ªÁ•ÈÀ
ham,"''Little Psy, only 5 months left.. Tumor in the head :( WE WILL MISS U &lt;3•ÈÀ"
spam, Follow me on Instagram. _chris_cz  •ÈÀ
ham,how is this shit still relevant •ÈÀ
ham,LOL this shit never gets old•ÈÀ
ham,What Can i say....This Song He Just Change The World Completely... So good job PSY... (and your girls are awesome :))) )•ÈÀ
ham,On 0:02 u can see the camera man on his glasses....•ÈÀ
ham,this comment is wrong•ÈÀ
ham,i hate this music. fucking singer and every koean chainise ana US sucks me dick.•ÈÀ
ham,2:05. Hahahahah •ÈÀ
ham,Can we reach 3 billion views by December 2014? •ÈÀ
ham,"Dumb Guy: Why is there 2 billion views when there are 7 million people on  earth??? Also, I know what 1+1 equals! 1+1=1! I am a smartie pants•ÈÀ"
ham,"People Who Say That ""This Song Is Too Old Now, There's No Point Of  Listening To It"" Suck. Just Stfu And Enjoy The Music. So, Your Mom Is Old  Too But You Still Listen To Her Right?....•ÈÀ"
ham,The Funny Thing Is That this song was made in 2009 but it took 2 years to  get to america.•ÈÀ
ham,why I dont see any comments but mine?:/•ÈÀ
ham,this jap is such a piece of shit. he is such a worthless fish head. i dont  know how any one likes this dumb untanlted gook. this isnt even fucken  music. this is so fucking sad that this is even such thing. people are so  fucked up.•ÈÀ
ham,I remember when everyone was obsessed with Gangnam Style _Ù÷Ñ•ÈÀ
ham,Remove This video its wank•ÈÀ
spam,"It's so hard, sad :( iThat little child Actor HWANG MINOO dancing very  active child is suffering from brain tumor, only 6 month left for him .Hard  to believe .. Keep praying everyone for our future superstar.  #StrongLittlePsY #Fighting  SHARE EVERYONE PRAYING FOR HIM http://ygunited.com/2014/11/08/little-psy-from-the-has-brain-tumor-6-months-left-to-live/ •ÈÀ"
ham,"Why the fuck this keeps updated? Comments :""5 minutes ago"" Song: ""2 years and  4 months ago""•ÈÀ"
ham,MANY MEMORIES...........•ÈÀ
ham,why are they 5million comments when there is only 279.898 youtube Users.   5million fake account or PSY hacked youtube•ÈÀ
ham,"2,000,000,000 out of 7,000,000,000 people in the would saw this video just  in 2 years and yeat i only get 2 words out of the hole song•ÈÀ"
ham,"This video is so cool, again and again!•ÈÀ"
ham,I am now going to voyage to the first comment...      Tell my family I loved them. _Ù÷¢•ÈÀ
ham,"How did THIS Video in all of YouTube get this many views and likes? Why  Gangnam style? I don't have a problem with it, i just don't understand the  phenomena behind it, it's just like any other random music video out  there. •ÈÀ"
ham,With the korean girl more slut and bitch : Hyuna :'33•ÈÀ
spam,Hey guys! Check this out: Kollektivet - Don't be slappin' my penis!  I  think that they deserve much more credit than they receive.•ÈÀ
ham,Still a very fun music video to watch! •ÈÀ
ham,C'mon 3 billion views!!!!!!!!•ÈÀ
spam,"Hey everyone, I am a new channel and will post videos of book reviews and  music on the flute. Please subscribe if you would enjoy that. Thanks!•ÈÀ"
ham,"Hey I think I know what where dealing with here!!!! I have some theories of  how this could've gotten 2billion hits!! 1. This was mabey made in korea and its realy popular there so they were  stuck watching this over and over again. 2. Over 2billion people have access to the Internet, including youtube, and  the numbers are rising, by 2017 half of the populatoin will be connected. 3. Hackers In Korea may have loved it so much they rised it to 2billion  hits to make it more popular.  4. The song was featured in a just dance game, on multiple mp3s, and been  seen on concerts and even on new years eve event in 2012, so just by seeing  those you mabey adding more hits to this video. 5. You are complaining to much on how the heck this has 2b hits.•ÈÀ"
spam,subscribe my chanel•ÈÀ
ham,"THIS HAS MORE VIEWS THAN QUEEN AND MICHAEL JACKSON, 2 BILLION views omg•ÈÀ"
ham,LoL•ÈÀ
ham,If you pause at 1:39 at the last millisecond you can see that that chick is  about to laugh. Takes a few tries.•ÈÀ
ham,"9 year olds be like, 'How does this have 2 billion views when there are  only 3 people in the world'•ÈÀ"
ham,PSY is a good guy•ÈÀ
ham,WHY DOES THIS HAVE 2 BILLION VIEWS THIS SONG IS SO ANNOYING•ÈÀ
spam,https://www.facebook.com/pages/Mathster-WP/1495323920744243?ref=hl•ÈÀ
ham,1 millioon dislikesssssssssssssssssssssssssssssssss.............•ÈÀ
ham,The little PSY is suffering Brain Tumor and only has 6 more months to live.  Please pray to him and the best lucks.•ÈÀ
ham,For all of the little kidz out there there is Like 7 to 8 Billon people on  earth NOT 7 to 8 MILLON.Get you facts straight before posting comments.•ÈÀ
ham,How stupid humanity is•ÈÀ
spam,Come and watch my video it is called the odowd crowd zombie movie part 1 •ÈÀ
ham,You know a song sucks dick when you need to use google translate to know  what the fuck its saying!•ÈÀ
ham,"We get it, you came here for the views... •ÈÀ"
ham,Wow this video is the most viewed youtube video.. second that comes Justin  bieber- baby SMH WHAT HAS THE WORLD COME TO•ÈÀ
spam,"Hey, join me on tsÅÇ, a publishing platform where I share my content now:  http://tsu.co/MarkusMairhofer•ÈÀ"
ham,"This song is great there are 2,127,315,950 views wow•ÈÀ"
ham,I'm watching this in 2014•ÈÀ
ham,Most viewed video on youtube...daaaaaaaaaaannng those views can almost  dominate the entire...china...•ÈÀ
ham,"how does this video have 2,127,322,484 views if there are only 7 million  people on earth?•ÈÀ"
ham,What my gangnam style•ÈÀ
ham,Lol this youtuber (officialpsy) is getting so much money lol•ÈÀ
ham,1 million dislikes!EPIC FAIL(ready for you fanboys)•ÈÀ
ham,"If I knew Korean, this would be even funnier. At least a bit at the end was  in English, but was spoken quite rapidly.•ÈÀ"
ham,"Enough with the whole ""how does this have two billion views if there's only  7 million on the planet"" we get it. You're joking. It's not funny anymore.•ÈÀ"
spam,"If I get 100 subscribers, I will summon Freddy Mercury's ghost to whipe  from the face of earth One Direction and Miley Cirus.•ÈÀ"
spam,if i reach 100 subscribers i will go round in public pouring a bucket of  ice water over people and then running away acting like it wasn't me! like  so people can see!!•ÈÀ
ham,YOUTUBE MONEY !!!!!!!!!!!!!!!!!!!!!!!•ÈÀ
ham,2 billion for this shit?•ÈÀ
ham,"2 billion views, only 2 million shares•ÈÀ"
spam,Hi guys my name is Dylan and I do IRL football videos I have 1030  subscribers and I think you guys would like my content so come check it out  and if you do subscribe!•ÈÀ
spam,If I get 300 subscribers by tomorrow I'll do a epic Hunger Games Video! •ÈÀ
spam,follower please https://www.facebook.com/lists/161620527267482•ÈÀ
ham,2 billion views wow not even baby by justin beibs has that much he doesn't  deserve a capitalized name•ÈÀ
spam,If i reach 100 subscribers i will tazz my self and my friend•ÈÀ
spam,Please help me go to college guys! Thanks from the bottom of my heart.  https://www.indiegogo.com/projects/i-want-to-go-to-college--19/x/9082175•ÈÀ
spam,https://www.facebook.com/SchoolGeniusNITS/photos/ms.c.eJw9kVkOxDAMQm808h5z~;4sNjqP~_tHqBEuM69AQUp1Ih~_fPHgk5zLLsVdQv0ZUf0MB~;LnUJ~;ufTH4YoKfRxYts2zvrrp6qGtw67y~;L551h~;f7~_vlcZzRG8vGCTlPSD9ONGeWhj8~_GIbu~;S3lzMvY~;IQ2~;TwSfzz9WHn7JUSvHufpglQRZczl05fNPhaGeVb3x8yDmC6X~_~;jTcjnMho~;vfXWCjZyvWObihrnGx2ocjnG2PG1EvHXzyjD~_o3h~_RY6f57sPrnD2xV~;~_BzszZ~;8~-.bps.a.390875584405933/391725794320912/?type=1&amp;theater •ÈÀ
spam,I am so awesome and smart!!! Sucscribe to me!•ÈÀ
spam,Follow 4 Follow                           @ VaahidMustafic Like 4 Like •ÈÀ
spam,http://hackfbaccountlive.com/?ref=4436607  psy news off€±cal •ÈÀ
spam,https://www.facebook.com/nicushorbboy add mee &lt;3 &lt;3•ÈÀ
spam,im sorry for the spam but My name is Jenny. I go to high school where  everyone dresses fashionable but for me I don't because i need money to buy  cute clothes. I have low self esteem . I live with my dad. my mom passed  away when i was 6 so i don't really have a mother figure. I have 2 brothers  who is older than me. Since they are boys they get the attention while i  just be alone. I really want to wear pretty clothes like the girls in my  school and get a boyfriend. i just can't be my self. im very quite and shy  at school because i don't have the confidence in myself to talk to someone.  i did have one friend name Caroline but she moved away so now im alone. if  you could donate some money to me it would be great. i don't care about  expensive brand ill just shop at walmart because they have pretty clothes.  also i wanna get my nails done at a salon . i see alot of girls have these  french tips. i never had my nail did at a salon before i will really  appreciate if i can and get my hair curled too. http://www.gofundme.com/dressprettyonce thanks omg please.•ÈÀ
ham, I hate this song! •ÈÀ
spam,please throw a sub on my channel•ÈÀ
ham,"NEW GOAL!   3,000,000!  Let's go for it!•ÈÀ"
spam,Go to my channel if u want to see a fly getting burned alive•ÈÀ
ham,just came here to check the views :P•ÈÀ
spam,"COME AND CHECK OUT MY NEW YOUTUBE CHHANEL, GOING TO BE POSTING DAILY!•ÈÀ"
ham,I hav absolutely no idea what he's saying. Is it even a language?•ÈÀ
spam,Please check out my vidios guys•ÈÀ
ham,I still to this day wonder why this video is so popular ?? illuminati  confirmed ??•ÈÀ
spam,Hey guys can you check my channel out plz. I do mine craft videos. Let's  shoot for 20 subs•ÈÀ
ham,This is getting old.........•ÈÀ
spam,PLEASE SUBSCRIBE ME!!!!!!!!!!!!!!!!!!!!!!!!!!!!!!!!!!!!!!!!!!!!!!!!!!!!•ÈÀ
ham,just came to check the view count•ÈÀ
spam,Check out my Music Videos! Fuego - U LA LA Remix  hyperurl.co/k6a5xt•ÈÀ
spam,Check out my Music Videos! and PLEASE SUBSCRIBE!!!! Fuego - U LA LA Remix  hyperurl.co/k6a5xt•ÈÀ
spam,www.marketglory.com/strategygame/lordviperas•ÈÀ
ham,"If the shitty Chinese Government didn't block YouTube over there, there'd  be close to 3 billion views right now. •ÈÀ"
ham,WORLD RECORD YOUTUBE VIDEO VIEWS !!!!!! XD•ÈÀ
ham,I think he was drunk during this :) x)•ÈÀ
spam,Limit sun exposure while driving. Eliminate the hassle of having to swing  the car visor between the windshield and window.  https://www.kickstarter.com/projects/733634264/visortwin•ÈÀ
ham,"Hahah, juyk! I allways laugh at the part 1:57.. LOL!•ÈÀ"
spam,http://hackfbaccountlive.com/?ref=5242575•ÈÀ
ham,"I wanted to know the name of the guy that dances at 00:58, anybody knows ?•ÈÀ"
spam,https://www.facebook.com/FUDAIRYQUEEN?pnref=story•ÈÀ
ham,"Haha its so funny to see the salt of westerners that top views of youtube  goes to video they dont even understand, keep the salt up!•ÈÀ"
spam,FOLLOW MY COMPANY ON TWITTER  thanks.  https://twitter.com/TheWaxedHatCo•ÈÀ
ham,imagine if this guy put adsense on with all these views... u could pay ur  morgage•ÈÀ
spam,Hey come check us out were new on youtube let us know what you think and  don't forget to subscribe thanks.•ÈÀ
ham,"The girl in the train who was dancing, her outfit was so fucking sexy, but  the huge turn-off was she lacked eyebrows D:•ÈÀ"
spam,"Look at the pictures, if not difficult http://image2you.ru/48051/1340524/        http://image2you.ru/48051/1340523/          http://image2you.ru/48051/1340522/ http://image2you.ru/48051/1340521/             http://image2you.ru/48051/1340520/       http://image2you.ru/48051/1340519/  http://image2you.ru/48051/1340518/            http://image2you.ru/48051/1340517/          http://image2you.ru/48051/1340504/ http://image2you.ru/48051/1340503/              http://image2you.ru/48051/1340502/            http://image2you.ru/48051/1340500/ http://image2you.ru/48051/1340499/        http://image2you.ru/48051/1340494/             http://image2you.ru/48051/1340493/ http://image2you.ru/48051/1340492/        http://image2you.ru/48051/1340491/           http://image2you.ru/48051/1340490/ http://image2you.ru/48051/1340489/             http://image2you.ru/48051/1340488/•ÈÀ"
ham,"Don't mind me, I'm just checking what the views are up to : )•ÈÀ"
spam,"Hey guys can you check my YouTube channel I know you hate comments like  this one but I promise if you check my videos it will be entertaining I do  Shotgun Montages,Ninja Defuse Montages and Trolling please guys can you  check them out and thanks have a good day!!!!!!!•ÈÀ"
ham,"To everyone joking about how he hacked to get 2 billion views because  there's a certain amount of people or whatever,  He actually did buy views.•ÈÀ"
spam,https://www.facebook.com/tofikmiedzynB/photos/a.1496273723978022.1073741828.1496241863981208/1498561870415874/?type=1&amp;theater •ÈÀ
spam,https://www.facebook.com/eeccon/posts/733949243353321?comment_id=734237113324534&amp;offset=0&amp;total_comments=74   please like frigea marius gabriel comment :D•ÈÀ
spam,"http://www.bing.com/explore/rewards?PUBL=REFERAFRIEND&amp;CREA=RAW&amp;rrid=_0f9fa8aa-243a-5c2f-c349-ede05ea397ca Bing rewards, earn free money. AND NO U CANT GET UR VIRUS IN BLUE!•ÈÀ"
spam,Please do buy these new Christmas shirts! You can buy at any time before  December 4th and they are sold worldwide! Don't miss out:  http://teespring.com/treechristmas•ÈÀ
spam,Free my apps get 1m crdits ! Just click on the link and download a app and  done!! åá Link: https://m.freemyapps.com/share/url/5af506e1•ÈÀ
ham,Why does a song like this have more views than Michael Jackson SMH•ÈÀ
ham," Something to dance to, even if your sad JUST dance!!   PSY - GANGNAM STYLE (ê¡¥‘â¬“__’ÄÛ“ù_) M/V: http://youtu.be/9bZkp7q19f0•ÈÀ"
ham,everyones back lool this is almost 3 years old and people are still hear!  xD•ÈÀ
ham,How can this have 2 billion views when there's only me on the planet? LOL•ÈÀ
ham,I don't now why I'm watching this in 2014•ÈÀ
spam,subscribe to me for call of duty vids and give aways Goal-100 subs•ÈÀ
spam,hi guys please my android photo editor download. thanks https://play.google.com/store/apps/details?id=com.butalabs.photo.editor•ÈÀ
ham,"The first billion viewed this because they thought it was really cool, the  other billion and a half came to see how stupid the first billion were...•ÈÀ"